Name,Date of birth,Team,Batting Style,Bowling Style,ODI Debut,Debut Team,Matches played,Innings,Total Run,Not Out,Highe Score,Batting Avg,Balls faced,Stick rate,100s,50s,4s,6s,Caught,Stumped,Balls,Runs,Wickets,Bowling Avg,Economy,Stick rate,5WI,10WM,BBI,BBM
Aaron James Finch,17-11-1986,AUSTRALIA,Right-hand bat,Slow left-arm,"January 11,2013",Australia v Sri Lanka,88,84,3200,1,148,38.55,3552,90.09,10,18,339,70,43,0,152,130,2,65.00,5.131,76.00,0,0,1/2,1/2
Adam Craig Dale,30-12-1968,AUSTRALIA,Left-hand bat,Right-arm fast-medium,"March 29,1997",South Africa v Australia,30,12,78,8,15*,19.50,136,57.35,0,0,3,0,11,0,1596,979,32,30.59,3.680,49.87,0,0,3/18,3/18
Adam Craig Gilchrist,14-11-1971,AUSTRALIA,Left-hand bat,Off-break,"October 25,1996",Australia v South Africa,287,279,9619,11,172,35.89,9922,96.94,16,55,1162,149,417,55,--,--,--,--,--,--,--,--,,
Adam Charles Voges,04-10-1979,AUSTRALIA,Right-hand bat,Slow left-arm,"February 20,2007",New Zealand v Australia,31,28,870,9,112*,45.78,998,87.17,1,4,61,10,7,0,301,276,6,46.00,5.501,50.16,0,0,1/3,1/3
Alan Norman Connolly,29-06-1939,AUSTRALIA,Right-hand bat,Right-arm fast-medium,"January 5,1971",Australia v England,1,0,0,0,0*,--,0,--,0,0,0,0,--,--,48,62,0,--,7.750,--,0,0,0/2,0/10
Alan George Hurst,15-07-1950,AUSTRALIA,Right-hand bat,Right-arm fast,"January 1,1975",Australia v England,8,4,7,4,3*,--,19,36.84,0,0,0,0,1,0,350,203,12,16.91,3.480,29.16,1,0,5/21,5/21
Alan Lloyd Thomson,02-12-1945,AUSTRALIA,Right-hand bat,Right-arm fast-medium,"January 5,1971",Australia v England,1,0,0,0,0*,--,0,--,0,0,0,0,--,--,48,22,1,22.00,2.750,48.00,0,0,1/22,1/22
Alan Turner,23-07-1950,AUSTRALIA,Left-hand bat,NaN,"June 7,1975",Australia v Pakistan,6,6,247,0,101,41.16,309,79.93,1,0,25,1,3,0,--,--,--,--,--,--,--,--,,
Allan Robert Border,27-07-1955,AUSTRALIA,Left-hand bat,Slow left-arm,"January 13,1979",Australia v England,273,252,6524,39,127*,30.62,9086,71.80,3,39,500,43,127,0,2659,2071,73,28.36,4.673,36.42,0,0,3/20,3/20
Andrew Mark Jefferson Hilditch,20-05-1956,AUSTRALIA,Right-hand bat,Right-arm medium,"January 24,1979",Australia v England,8,8,226,0,72,28.25,476,47.47,0,1,15,0,1,0,--,--,--,--,--,--,--,--,,
Andrew Symonds,09-06-1975,AUSTRALIA,Right-hand bat,Off-break,"November 10,1998",Pakistan v Australia,198,161,5088,33,156,39.75,5503,92.45,6,30,448,103,82,0,5935,4955,133,37.25,5.009,44.62,1,0,5/18,5/18
Andris Karlis Zesers,11-03-1967,AUSTRALIA,Right-hand bat,Right-arm medium-fast,"October 22,1987",India v Australia,2,2,10,2,8*,--,14,71.42,0,0,1,0,1,0,90,74,1,74.00,4.933,90.00,0,0,1/37,1/37
Andrew John Bichel,27-08-1970,AUSTRALIA,Right-hand bat,Right-arm fast-medium,"January 5,1997",Australia v West Indies,67,36,471,13,64,20.47,600,78.50,0,1,33,10,19,0,3257,2463,78,31.57,4.537,41.75,2,0,7/20,7/20
Anthony Mark Stuart,02-01-1970,AUSTRALIA,Right-hand bat,Right-arm fast-medium,"January 5,1997",Australia v West Indies,3,1,1,0,1,1.000,7,14.28,0,0,0,0,2,0,180,109,8,13.62,3.633,22.50,1,0,5/26,5/26
Ashley Alexander Mallett,13-07-1945,AUSTRALIA,Right-hand bat,Off-break,"January 5,1971",Australia v England,9,3,14,1,8,7.000,36,38.88,0,0,1,0,4,0,468,341,11,31.00,4.371,42.54,0,0,3/14,3/34
Ashley Allan Noffke,30-04-1977,AUSTRALIA,Right-hand bat,Right-arm fast-medium,"February 3,2008",Australia v India,1,0,0,0,0,--,0,--,0,0,0,0,--,--,54,46,1,46.00,5.111,54.00,0,0,1/23,1/23
Ashley James Woodcock,27-02-1947,AUSTRALIA,Right-hand bat,NaN,"March 31,1974",New Zealand v Australia,1,1,53,0,53,53.00,67,79.10,0,1,5,1,--,--,--,--,--,--,--,--,--,--,,
Ashton Charles Agar,14-10-1993,AUSTRALIA,Left-hand bat,Slow left-arm,"September 8,2015",England v Australia,4,3,14,1,9*,7.000,22,63.63,0,0,1,0,2,0,180,182,4,45.50,6.066,45.00,0,--,,
Benjamin Colin James Cutting,30-01-1987,WORLD XI,Right-hand bat,Right-arm fast,"January 13,2013",Australia v Sri Lanka,4,2,53,0,27,26.50,67,79.10,0,0,4,1,1,0,216,158,5,31.60,4.388,43.20,0,0,3/45,3/45
Benjamin William Hilfenhaus,15-03-1983,HOBART HURRICANES,Right-hand bat,Right-arm fast-medium,"January 14,2007",Australia v New Zealand,25,11,29,8,16*,9.666,69,42.02,0,0,2,0,10,0,1216,1075,29,37.06,5.304,41.93,1,0,5/33,5/33
Ben Laughlin,03-10-1982,HOBART HURRICANES,Right-hand bat,Right-arm fast-medium,"April 3,2009",South Africa v Australia,5,1,1,1,1*,--,9,11.11,0,0,0,0,2,0,224,219,4,54.75,5.866,56.00,0,0,1/25,1/25
William Morris Lawry,11-02-1937,AUSTRALIA,Left-hand bat,Left-arm medium,"January 5,1971",Australia v England,1,1,27,0,27,27.00,49,55.10,0,0,0,0,1,0,--,--,--,--,--,--,--,--,,
Robert George Holland,19-10-1946,AUSTRALIA,Right-hand bat,Leg-break googly,"January 15,1985",Australia v West Indies,2,0,0,0,0*,--,0,--,0,0,0,0,--,--,126,99,2,49.50,4.714,63.00,0,0,2/49,2/49
Robert Arnold Lockyer Massie,14-04-1947,AUSTRALIA,Left-hand bat,Right-arm medium-fast,"August 24,1972",England v Australia,3,1,16,1,16*,--,24,66.66,0,0,2,0,1,0,183,129,3,43.00,4.229,61.00,0,0,2/35,2/35
Robert Baddeley Simpson,03-02-1936,AUSTRALIA,Right-hand bat,Leg-break googly,"February 22,1978",West Indies v Australia,2,2,36,0,23*,18.00,53,67.92,0,0,3,1,4,0,102,95,2,47.50,5.588,51.00,0,0,2/10,2/30
Bradley James Haddin,23-10-1977,AUSTRALIA,Right-hand bat,NaN,"January 30,2001",Australia v Zimbabwe,126,115,3122,16,110,31.53,3706,84.24,2,16,296,71,170,11,--,--,--,--,--,--,--,--,,
Bradley John Hodge,29-12-1974,AUSTRALIA,Right-hand bat,Off-break,"December 3,2005",New Zealand v Australia,25,21,575,2,123,30.26,657,87.51,1,3,51,12,16,0,66,51,1,51.00,4.636,66.00,0,0,1/4,1/4
George Bradley Hogg,06-02-1971,AUSTRALIA,Left-hand bat,Chinaman,"August 26,1996",Australia v Zimbabwe,123,65,790,26,71*,20.25,1005,78.60,0,2,41,5,36,0,5563,4188,156,26.84,4.517,35.66,2,0,5/32,5/32
Brad Andrew Williams,20-11-1974,AUSTRALIA,Right-hand bat,Right-arm fast,"January 11,2002",Australia v New Zealand,25,6,27,4,13*,13.50,46,58.69,0,0,2,0,4,0,1203,814,35,23.25,4.059,34.37,2,0,5/22,5/22
Bradley Evan Young,23-02-1973,AUSTRALIA,Right-hand bat,Slow left-arm,"January 18,1998",Australia v South Africa,6,3,31,1,18,15.50,47,65.95,0,0,2,0,2,0,234,251,1,251.0,6.435,234.0,0,0,1/26,1/26
Brendon Paul Julian,10-08-1970,AUSTRALIA,Right-hand bat,Left-arm fast-medium,"May 23,1993",England v Australia,25,17,224,0,35,13.17,250,89.60,0,0,17,6,8,0,1146,997,22,45.31,5.219,52.09,0,0,3/40,3/40
Brett Raymond Dorey,03-10-1977,AUSTRALIA,Right-hand bat,Right-arm fast-medium,"January 20,2006",Australia v South Africa,4,1,2,0,2,2.000,8,25.00,0,0,0,0,--,--,162,146,2,73.00,5.407,81.00,0,0,1/12,1/12
Brett Geeves,13-06-1982,AUSTRALIA,Right-hand bat,Right-arm fast-medium,"August 30,2008",Australia v Bangladesh,2,2,10,2,10*,--,11,90.90,0,0,1,0,1,0,90,78,3,26.00,5.200,30.00,0,0,2/11,2/11
Brett Lee,08-11-1976,AUSTRALIA,Right-hand bat,Right-arm fast,"January 9,2000",Australia v Pakistan,221,110,1176,44,59,17.81,1407,83.58,0,3,69,35,54,0,11185,8877,380,23.36,4.761,29.43,9,0,5/22,5/22
Bruce Malcolm Laird,21-11-1950,AUSTRALIA,Right-hand bat,NaN,"November 27,1979",Australia v West Indies,23,23,594,3,117*,29.70,1105,53.75,1,2,52,0,5,0,--,--,--,--,--,--,--,--,,
Bruce Anthony Reid,14-03-1963,AUSTRALIA,Left-hand bat,Left-arm fast-medium,"January 9,1986",Australia v New Zealand,61,21,49,8,10,3.769,117,41.88,0,0,2,0,6,0,3250,2203,63,34.96,4.067,51.58,1,0,5/53,5/53
Bruce Yardley,05-09-1947,AUSTRALIA,Right-hand bat,"Right-arm fast-medium, Right-arm medium, Off-break","April 12,1978",West Indies v Australia,7,4,58,0,28,14.50,98,59.18,0,0,1,0,1,0,198,130,7,18.57,3.939,28.28,0,0,3/28,3/28
Callum James Ferguson,21-11-1984,AUSTRALIA,Right-hand bat,Right-arm medium,"February 6,2009",Australia v New Zealand,30,25,663,9,71*,41.43,777,85.32,0,5,64,0,7,0,--,--,--,--,--,--,--,--,,
Cameron Leon White,18-08-1983,AUSTRALIA,Right-hand bat,Leg-break googly,"October 5,2005",Australia v ICC World XI,91,77,2072,16,105,33.96,2586,80.12,2,11,145,45,37,0,331,351,12,29.25,6.362,27.58,0,0,3/5,3/5
Carl Gray Rackemann,03-06-1960,AUSTRALIA,Right-hand bat,Right-arm fast,"January 9,1983",Australia v New Zealand,52,18,34,6,9*,2.833,77,44.15,0,0,0,0,6,0,2791,1833,82,22.35,3.940,34.03,1,0,5/16,5/16
Christopher Austin Lynn,10-04-1990,BRISBANE HEAT,Right-hand bat,Slow left-arm,"January 13,2017",Australia v Pakistan,1,1,16,0,16,16.00,12,133.3,0,0,0,1,--,--,--,--,--,--,--,--,--,--,,
Clinton James McKay,22-02-1983,AUSTRALIA,Right-hand bat,Right-arm fast-medium,"November 5,2009",India v Australia,59,31,190,10,30,9.047,337,56.37,0,0,15,2,7,0,2965,2364,97,24.37,4.783,30.56,2,0,5/28,5/28
Craig John McDermott,14-04-1965,AUSTRALIA,Right-hand bat,Right-arm fast,"January 6,1985",Australia v West Indies,138,78,432,17,37,7.082,492,87.80,0,0,36,8,27,0,7461,5018,203,24.71,4.035,36.75,1,0,5/42,5/44
Craig Stanton Serjeant,01-11-1951,AUSTRALIA,Right-hand bat,NaN,"June 2,1977",England v Australia,3,3,73,0,46,24.33,158,46.20,0,0,7,1,1,0,--,--,--,--,--,--,--,--,,
Damien William Fleming,24-04-1970,AUSTRALIA,Right-hand bat,Right-arm fast-medium,"January 16,1994",Australia v South Africa,88,31,152,18,29,11.69,221,68.77,0,0,9,1,14,0,4619,3402,134,25.38,4.419,34.47,1,0,5/30,5/36
Damien Richard Martyn,21-10-1971,AUSTRALIA,Right-hand bat,Right-arm medium,"December 8,1992",Australia v West Indies,208,182,5346,51,144*,40.80,6877,77.73,5,37,441,22,69,0,794,704,12,58.66,5.319,66.16,0,0,2/21,2/21
Daniel Trevor Christian,04-05-1983,BRISBANE HEAT,Right-hand bat,Right-arm fast-medium,"February 5,2012",Australia v India,19,18,273,5,39,21.00,307,88.92,0,0,23,3,10,0,727,595,20,29.75,4.910,36.35,1,0,5/31,5/31
Daniel James Cullen,10-04-1984,AUSTRALIA,Right-hand bat,Off-break,"April 23,2006",Bangladesh v Australia,5,1,2,1,2*,--,3,66.66,0,0,0,0,2,0,213,147,2,73.50,4.140,106.5,0,0,2/25,2/25
Darren Scott Lehmann,05-02-1970,AUSTRALIA,Left-hand bat,Slow left-arm,"August 30,1996",Sri Lanka v Australia,117,101,3078,22,119,38.96,3786,81.29,4,17,227,14,26,0,1793,1445,52,27.78,4.835,34.48,0,0,4/7,4/7
Davenell Frederick Whatmore,16-03-1954,AUSTRALIA,Right-hand bat,NaN,"January 18,1980",Australia v West Indies,1,1,2,0,2,2.000,6,33.33,0,0,0,0,--,--,--,--,--,--,--,--,--,--,,
David Robert Gilbert,29-12-1960,AUSTRALIA,Right-hand bat,Right-arm fast-medium,"January 9,1986",Australia v New Zealand,14,8,39,3,8,7.800,102,38.23,0,0,1,0,3,0,684,552,18,30.66,4.842,38.00,1,0,5/46,5/46
David Clarence Boon,29-12-1960,AUSTRALIA,Right-hand bat,Off-break,"February 12,1984",Australia v West Indies,181,177,5964,16,122,37.04,9145,65.21,5,37,494,16,45,0,82,86,0,--,6.292,--,0,0,0/0,0/0
David John Colley,15-03-1947,AUSTRALIA,Right-hand bat,Right-arm fast-medium,"August 26,1972",England v Australia,1,0,0,0,0,--,0,--,0,0,0,0,--,--,66,72,0,--,6.545,--,0,0,0/8,0/50
David William Hookes,03-05-1955,AUSTRALIA,Left-hand bat,"Left-arm medium, Slow left-arm","June 2,1977",England v Australia,39,36,826,2,76,24.29,1143,72.26,0,5,73,13,11,0,29,28,1,28.00,5.793,29.00,0,0,1/2,1/2
David John Hussey,15-07-1977,AUSTRALIA,Right-hand bat,Off-break,"July 4,2008",West Indies v Australia,69,61,1796,6,111,32.65,1980,90.70,1,14,130,30,29,0,802,698,18,38.77,5.221,44.55,0,0,4/21,4/21
David Andrew Warner,27-10-1986,AUSTRALIA,Left-hand bat,Leg-break,"January 18,2009",Australia v South Africa,106,104,4343,4,179,43.43,4498,96.55,14,17,454,70,49,0,6,8,0,--,8.000,--,0,0,0/3,0/3
Dean Mervyn Jones,24-03-1961,AUSTRALIA,Right-hand bat,Right-arm medium,"January 30,1984",Australia v Pakistan,164,161,6068,25,145,44.61,8362,72.56,7,46,379,63,54,0,106,81,3,27.00,4.584,35.33,0,0,2/34,2/34
Dennis Keith Lillee,18-07-1949,AUSTRALIA,Right-hand bat,Right-arm fast,"August 24,1972",England v Australia,63,34,240,8,42*,9.230,320,75.00,0,0,17,1,10,0,3577,2145,103,20.82,3.598,34.72,1,0,5/15,5/34
Dirk MacDonald Wellham,13-03-1959,AUSTRALIA,Right-hand bat,NaN,"December 17,1981",Australia v Pakistan,17,17,379,2,97,25.26,699,54.22,0,1,16,0,8,0,--,--,--,--,--,--,--,--,,
Douglas Erwin Bollinger,24-07-1981,HOBART HURRICANES,Left-hand bat,Left-arm fast-medium,"April 24,2009",Australia v Pakistan,39,8,50,2,30,8.333,54,92.59,0,0,5,0,12,0,1942,1482,62,23.90,4.578,31.32,2,0,5/28,5/35
Kevin Douglas Walters,21-12-1945,AUSTRALIA,Right-hand bat,Right-arm medium,"January 5,1971",Australia v England,28,24,513,6,59,28.50,732,70.08,0,2,37,0,10,0,294,273,4,68.25,5.571,73.50,0,0,2/13,2/19
Fawad Ahmed Khan,10-03-1979,AUSTRALIA,Right-hand bat,Leg-break,"September 3,2013",Scotland v Australia,3,1,4,1,4*,--,2,200.0,0,0,1,0,--,--,144,145,3,48.33,6.041,48.00,0,0,1/39,1/39
Graham Douglas McKenzie,24-06-1941,AUSTRALIA,Right-hand bat,Right-arm fast,"January 5,1971",Australia v England,1,0,0,0,0*,--,0,--,0,0,0,0,1,0,46,22,2,11.00,2.869,23.00,0,0,2/19,2/22
Gary John Cosier,25-04-1953,AUSTRALIA,Right-hand bat,Right-arm medium,"December 20,1975",Australia v West Indies,9,7,154,2,84,30.80,166,92.77,0,1,15,2,4,0,367,248,14,17.71,4.054,26.21,1,0,5/18,5/18
Gary John Gilmour,26-06-1951,AUSTRALIA,Left-hand bat,Left-arm fast-medium,"March 30,1974",New Zealand v Australia,5,2,42,1,28*,42.00,39,107.6,0,0,7,0,2,0,276,165,16,10.31,3.587,17.25,2,0,6/14,6/14
Gavin Ron Robertson,28-05-1966,AUSTRALIA,Right-hand bat,Off-break,"September 13,1994",Sri Lanka v Australia,13,7,45,4,15,15.00,55,81.81,0,0,2,0,3,0,597,430,8,53.75,4.321,74.62,0,0,3/28,3/29
Geoffrey Dymock,21-07-1945,AUSTRALIA,Left-hand bat,Left-arm fast-medium,"March 30,1974",New Zealand v Australia,15,7,35,4,14*,11.66,82,42.68,0,0,1,0,1,0,738,412,15,27.46,3.349,49.20,0,0,2/21,2/21
Geoffrey Francis Lawson,07-12-1957,AUSTRALIA,Right-hand bat,Right-arm fast,"November 23,1980",Australia v New Zealand,79,52,378,18,33*,11.11,479,78.91,0,0,18,4,18,0,4259,2592,88,29.45,3.651,48.39,0,0,4/26,4/26
Geoffrey Robert Marsh,31-12-1958,AUSTRALIA,Right-hand bat,NaN,"January 14,1986",Australia v New Zealand,117,115,4357,6,126*,39.97,7790,55.93,9,22,302,22,31,0,6,4,0,--,4.000,--,0,0,0/4,0/4
George John Bailey,07-09-1982,WORLD XI,Right-hand bat,Right-arm medium,"March 16,2012",West Indies v Australia,90,85,3044,10,156,40.58,3645,83.51,3,22,222,57,48,0,--,--,--,--,--,--,--,--,,
Glenn Andrew Bishop,25-02-1960,AUSTRALIA,Right-hand bat,NaN,"January 2,1987",Australia v Pakistan,2,2,13,0,7,6.500,44,29.54,0,0,1,0,1,0,--,--,--,--,--,--,--,--,,
Glenn James Maxwell,14-10-1988,AUSTRALIA,Right-hand bat,Off-break,"August 25,2012",Afghanistan v Australia,81,72,2069,8,102,32.32,1681,123.0,1,15,207,70,50,0,1906,1765,45,39.22,5.556,42.35,0,0,4/46,4/46
Glenn Donald McGrath,09-02-1970,AUSTRALIA,Right-hand bat,Right-arm fast-medium,"December 9,1993",Australia v South Africa,250,68,115,38,11*,3.833,236,48.72,0,0,7,0,37,0,12970,8391,381,22.02,3.881,34.04,7,0,7/15,7/15
Glenn Samuel Trimble,01-01-1963,AUSTRALIA,Right-hand bat,Right-arm medium,"January 19,1986",Australia v New Zealand,2,2,4,1,4,4.000,5,80.00,0,0,1,0,--,--,24,32,0,--,8.000,--,0,0,0/32,0/32
Graeme Robert Beard,19-08-1950,AUSTRALIA,Right-hand bat,"Right-arm medium, Off-break","January 31,1981",Australia v New Zealand,2,0,0,0,0,--,0,--,0,0,0,0,--,--,112,70,4,17.50,3.750,28.00,0,0,2/20,2/20
Graeme David Porter,18-03-1955,AUSTRALIA,Right-hand bat,Right-arm medium,"June 13,1979",Australia v Pakistan,2,1,3,0,3,3.000,9,33.33,0,0,0,0,1,0,108,33,3,11.00,1.833,36.00,0,0,2/13,2/13
Graeme Donald Watson,08-03-1945,AUSTRALIA,Right-hand bat,Right-arm medium,"August 24,1972",England v Australia,2,2,11,1,11*,11.00,16,68.75,0,0,2,0,--,--,48,28,2,14.00,3.500,24.00,0,0,2/28,2/28
Graeme Malcolm Wood,06-11-1956,AUSTRALIA,Left-hand bat,Right-arm medium,"February 22,1978",West Indies v Australia,83,77,2219,11,114*,33.62,3692,60.10,3,11,171,3,17,0,--,--,--,--,--,--,--,--,,
Graham Allan Manou,23-04-1979,AUSTRALIA,Right-hand bat,NaN,"October 31,2009",India v Australia,4,1,7,0,7,7.000,6,116.6,0,0,0,0,5,0,--,--,--,--,--,--,--,--,,
Graham Neil Yallop,07-10-1952,AUSTRALIA,Left-hand bat,Left-arm medium,"February 22,1978",West Indies v Australia,30,27,823,6,66*,39.19,1257,65.47,0,7,64,3,5,0,138,119,3,39.66,5.173,46.00,0,0,2/28,2/28
Gregory Scott Blewett,28-10-1971,AUSTRALIA,Right-hand bat,Right-arm medium,"February 15,1995",Australia v South Africa,32,30,551,3,57*,20.40,889,61.97,0,2,35,3,7,0,749,646,14,46.14,5.174,53.50,0,0,2/6,2/6
Gregory Dale Campbell,10-03-1964,AUSTRALIA,Right-hand bat,Right-arm fast-medium,"December 26,1989",Australia v Sri Lanka,12,3,6,1,4*,3.000,19,31.57,0,0,0,0,4,0,613,404,18,22.44,3.954,34.05,0,0,3/17,3/17
Gregory Stephen Chappell,07-08-1948,AUSTRALIA,Right-hand bat,"Leg-break, Right-arm medium","January 5,1971",Australia v England,74,72,2331,14,138*,40.18,3079,75.70,3,14,195,7,23,0,3074,2097,72,29.12,4.093,42.69,2,0,5/15,5/15
Gregory Charles Dyer,16-03-1959,AUSTRALIA,Right-hand bat,NaN,"September 24,1986",India v Australia,23,13,174,2,45*,15.81,227,76.65,0,0,8,4,24,4,--,--,--,--,--,--,--,--,,
Gregory Richard John Matthews,15-12-1959,AUSTRALIA,Left-hand bat,Off-break,"January 8,1984",Australia v West Indies,59,50,619,13,54,16.72,911,67.94,0,1,23,3,23,0,2808,2004,57,35.15,4.282,49.26,0,0,3/27,3/27
Gregory Michael Ritchie,23-01-1960,AUSTRALIA,Right-hand bat,Right-arm medium,"October 8,1982",Pakistan v Australia,44,42,959,7,84,27.40,1479,64.84,0,6,55,6,9,0,--,--,--,--,--,--,--,--,,
Ian Wayne Callen,02-05-1955,AUSTRALIA,Left-hand bat,Right-arm fast-medium,"February 22,1978",West Indies v Australia,5,3,6,2,3*,6.000,13,46.15,0,0,0,0,2,0,180,148,5,29.60,4.933,36.00,0,0,3/24,3/24
Ian Michael Chappell,26-09-1943,AUSTRALIA,Right-hand bat,Leg-break,"January 5,1971",Australia v England,16,16,673,2,86,48.07,874,77.00,0,8,74,7,5,0,42,23,2,11.50,3.285,21.00,0,0,2/14,2/14
Ian Charles Davis,25-06-1953,AUSTRALIA,Right-hand bat,NaN,"March 30,1974",New Zealand v Australia,3,3,12,1,11*,6.000,35,34.28,0,0,0,0,--,--,--,--,--,--,--,--,--,--,,
Ian Joseph Harvey,10-04-1972,AUSTRALIA,Right-hand bat,Right-arm medium,"December 4,1997",Australia v South Africa,73,51,715,11,48*,17.87,811,88.16,0,0,65,8,17,0,3279,2577,85,30.31,4.715,38.57,0,0,4/16,4/16
Ian Andrew Healy,30-04-1964,AUSTRALIA,Right-hand bat,NaN,"October 14,1988",Pakistan v Australia,168,120,1764,36,56,21.00,2104,83.84,0,4,77,5,194,39,--,--,--,--,--,--,--,--,,
Ian Ritchie Redpath,11-05-1941,AUSTRALIA,Right-hand bat,Right-arm medium,"January 5,1971",Australia v England,5,5,46,0,24,9.200,67,68.65,0,0,1,0,2,0,--,--,--,--,--,--,--,--,,
James Peter Faulkner,29-04-1990,AUSTRALIA,Right-hand bat,Left-arm medium-fast,"February 1,2013",Australia v West Indies,69,52,1032,22,116,34.40,990,104.2,1,4,83,29,21,0,3211,2963,96,30.86,5.536,33.44,0,0,4/32,4/32
James Redfern Hopes,24-10-1978,BRISBANE HEAT,Right-hand bat,Right-arm medium,"March 1,2005",New Zealand v Australia,84,61,1326,8,63*,25.01,1415,93.71,0,3,123,6,25,0,3157,2384,67,35.58,4.530,47.11,1,0,5/14,5/14
James Lee Pattinson,03-05-1990,AUSTRALIA,Left-hand bat,Right-arm fast-medium,"April 13,2011",Bangladesh v Australia,15,8,42,4,13,10.50,80,52.50,0,0,2,0,3,0,727,681,16,42.56,5.620,45.43,0,0,4/43,4/51
James Darren Siddons,25-04-1964,AUSTRALIA,Right-hand bat,Leg-break googly,"October 14,1988",Pakistan v Australia,1,1,32,0,32,32.00,37,86.48,0,0,3,0,--,--,--,--,--,--,--,--,--,--,,
Jason Neil Gillespie,19-04-1975,AUSTRALIA,Right-hand bat,Right-arm fast,"August 30,1996",Sri Lanka v Australia,97,39,289,16,44*,12.56,367,78.74,0,0,16,6,10,0,5144,3611,142,25.42,4.211,36.22,3,0,5/22,5/22
Jason John Krejza,14-01-1983,AUSTRALIA,Right-hand bat,Off-break,"February 6,2011",Australia v England,8,2,13,1,7,13.00,23,56.52,0,0,0,0,2,0,425,331,7,47.28,4.672,60.71,0,0,2/28,2/28
Jeffrey Robert Hammond,19-04-1950,AUSTRALIA,Right-hand bat,Right-arm fast-medium,"August 28,1972",England v Australia,1,1,15,1,15*,--,28,53.57,0,0,1,0,--,--,54,41,1,41.00,4.555,54.00,0,0,1/7,1/19
Jeffrey Kenneth Moss,29-06-1947,AUSTRALIA,Left-hand bat,NaN,"June 13,1979",Australia v Pakistan,1,1,7,0,7,7.000,16,43.75,0,0,0,0,2,0,--,--,--,--,--,--,--,--,,
Jeffrey Robert Thomson,16-08-1950,AUSTRALIA,Right-hand bat,Right-arm fast,"January 1,1975",Australia v England,50,30,181,6,21,7.541,274,66.05,0,0,9,2,9,0,2682,1942,55,35.30,4.344,48.76,0,0,4/41,4/67
James Patrick Maher,27-02-1974,AUSTRALIA,Left-hand bat,Right-arm medium,"January 14,1998",Australia v New Zealand,26,20,438,3,95,25.76,673,65.08,0,1,40,7,18,0,--,--,--,--,--,--,--,--,,
Jo Angel,22-04-1968,AUSTRALIA,Left-hand bat,Right-arm fast,"September 13,1994",Sri Lanka v Australia,3,1,0,0,0,0.000,3,0.000,0,0,0,0,--,--,162,113,4,28.25,4.185,40.50,0,0,2/47,2/47
Joel Samuel Paris,11-12-1992,AUSTRALIA,Left-hand bat,Left-arm fast-medium,"January 12,2016",Australia v India,2,0,0,0,0,--,0,--,0,0,0,0,1,0,96,93,1,93.00,5.812,96.00,0,--,,
John Dyson,11-06-1954,AUSTRALIA,Right-hand bat,Right-arm slow-medium,"August 22,1980",England v Australia,29,27,755,4,79,32.82,1553,48.61,0,4,55,2,12,0,--,--,--,--,--,--,--,--,,
John Wayne Hastings,04-11-1985,AUSTRALIA,Right-hand bat,Right-arm fast-medium,"October 20,2010",India v Australia,29,21,271,11,51,27.10,273,99.26,0,1,29,8,5,0,1486,1256,42,29.90,5.071,35.38,1,0,2/6,2/6
John Alexander Maclean,27-04-1946,AUSTRALIA,Right-hand bat,NaN,"January 13,1979",Australia v England,2,1,11,0,11,11.00,33,33.33,0,0,2,0,--,--,--,--,--,--,--,--,--,--,,
John Norman Maguire,15-09-1956,AUSTRALIA,Right-hand bat,Right-arm fast-medium,"January 23,1983",Australia v England,23,11,42,5,14*,7.000,71,59.15,0,0,1,0,2,0,1009,769,19,40.47,4.572,53.10,0,0,3/61,3/61
Josh Reginald Hazlewood,08-01-1991,AUSTRALIA,Left-hand bat,Right-arm fast-medium,"June 22,2010",England v Australia,41,10,21,8,11*,10.50,36,58.33,0,0,4,0,12,0,2126,1675,69,24.27,4.727,30.81,3,0,1/9,1/9
Julien Mark Wiener,01-05-1955,AUSTRALIA,Right-hand bat,Off-break,"December 8,1979",Australia v England,7,7,140,0,50,20.00,324,43.20,0,1,12,0,2,0,24,34,0,--,8.500,--,0,0,0/16,0/16
Justin Lee Langer,21-11-1970,AUSTRALIA,Left-hand bat,Right-arm medium,"April 14,1994",Australia v Sri Lanka,8,7,160,2,36,32.00,180,88.88,0,0,13,4,2,1,--,--,--,--,--,--,--,--,,
Kane William Richardson,12-02-1991,AUSTRALIA,Right-hand bat,Right-arm medium-fast,"January 13,2013",Australia v Sri Lanka,15,5,30,2,19,10.00,26,115.3,0,0,2,2,2,0,779,698,21,33.23,5.376,37.09,1,0,0/15,0/15
Keith Raymond Stackpole,10-07-1940,AUSTRALIA,Right-hand bat,Leg-break,"January 5,1971",Australia v England,6,6,224,0,61,37.33,387,57.88,0,3,28,0,1,0,61,54,3,18.00,5.311,20.33,0,0,3/40,3/40
Kenneth Hervey MacLeay,02-04-1959,AUSTRALIA,Right-hand bat,Right-arm medium,"January 31,1983",Australia v New Zealand,16,13,139,2,41,12.63,163,85.27,0,0,7,3,2,0,857,626,15,41.73,4.382,57.13,1,0,6/39,6/39
Kerry James O'Keeffe,25-11-1949,AUSTRALIA,Right-hand bat,Leg-break googly,"June 2,1977",England v Australia,2,2,16,1,16*,16.00,38,42.10,0,0,1,0,--,--,132,79,2,39.50,3.590,66.00,0,0,1/10,1/36
Kevin John Wright,27-12-1953,AUSTRALIA,Right-hand bat,NaN,"February 4,1979",Australia v England,5,2,29,0,23,14.50,52,55.76,0,0,0,0,8,0,--,--,--,--,--,--,--,--,,
Kimberley John Hughes,26-01-1954,AUSTRALIA,Right-hand bat,Right-arm medium,"June 4,1977",England v Australia,97,88,1968,6,98,24.00,2919,67.42,0,17,141,12,27,0,1,4,0,--,24.00,--,0,0,0/0,0/0
Leonard Stephen Pascoe,13-02-1950,AUSTRALIA,Right-hand bat,Right-arm fast,"June 2,1977",England v Australia,29,11,39,7,15*,9.750,102,38.23,0,0,2,0,6,0,1568,1066,53,20.11,4.079,29.58,1,0,5/30,5/30
Marcus James North,28-07-1979,AUSTRALIA,Left-hand bat,Off-break,"May 1,2009",Australia v Pakistan,2,2,6,0,5,3.000,19,31.57,0,0,0,0,1,0,18,16,0,--,5.333,--,0,0,0/0,0/0
Mark James Cosgrove,14-06-1984,AUSTRALIA,Left-hand bat,Right-arm medium,"April 28,2006",Bangladesh v Australia,3,3,112,0,74,37.33,116,96.55,0,1,12,2,--,--,30,13,1,13.00,2.600,30.00,0,0,1/1,1/1
Mark Anthony Taylor,27-10-1964,AUSTRALIA,Left-hand bat,Right-arm medium,"December 26,1989",Australia v Sri Lanka,113,110,3514,1,105,32.23,5906,59.49,1,28,273,7,56,0,--,--,--,--,--,--,--,--,,
Mark Edward Waugh,02-06-1965,AUSTRALIA,Right-hand bat,"Right-arm medium, Off-break","December 11,1988",Australia v Pakistan,244,236,8500,20,173,39.35,11063,76.83,18,50,651,57,108,0,3687,2938,85,34.56,4.781,43.37,1,0,5/24,5/24
Martin Francis Kent,23-11-1953,AUSTRALIA,Right-hand bat,NaN,"January 29,1981",Australia v New Zealand,5,5,78,1,33,19.50,133,58.64,0,0,6,0,4,0,--,--,--,--,--,--,--,--,,
Matthew Thomas Gray Elliott,28-09-1971,AUSTRALIA,Left-hand bat,Left-arm medium,"May 25,1997",England v Australia,1,1,1,0,1,1.000,6,16.66,0,0,0,0,--,--,--,--,--,--,--,--,--,--,,
Matthew Lawrence Hayden,29-10-1971,AUSTRALIA,Left-hand bat,Right-arm medium,"May 19,1993",England v Australia,161,155,6133,15,181*,43.80,7767,78.96,10,36,636,87,68,0,6,18,0,--,18.00,--,0,0,0/7,0/7
Matthew Scott Wade,26-12-1987,AUSTRALIA,Left-hand bat,Right-arm medium,"February 5,2012",Australia v India,94,80,1777,11,100*,25.75,2164,82.11,1,10,123,32,108,9,--,--,--,--,--,--,--,--,,
Maxwell Henry Norman Walker,12-09-1948,AUSTRALIA,Right-hand bat,Right-arm fast-medium,"March 30,1974",New Zealand v Australia,17,11,79,3,20*,9.875,170,46.47,0,0,6,0,6,0,950,546,20,27.30,3.448,47.50,0,0,4/19,4/19
Mervyn Gregory Hughes,23-11-1961,AUSTRALIA,Right-hand bat,Right-arm fast,"December 11,1988",Australia v Pakistan,33,17,100,8,20,11.11,134,74.62,0,0,6,4,6,0,1639,1115,38,29.34,4.081,43.13,0,0,4/37,4/44
Michael Gwyl Bevan,08-05-1970,AUSTRALIA,Left-hand bat,Chinaman,"April 14,1994",Australia v Sri Lanka,232,196,6912,67,108*,53.58,9321,74.15,6,46,450,21,69,0,1966,1655,36,45.97,5.050,54.61,0,0,3/18,3/26
Michael John Clarke,02-04-1981,AUSTRALIA,Right-hand bat,Slow left-arm,"January 19,2003",Australia v England,245,223,7981,44,130,44.58,10103,78.99,8,58,665,53,106,0,2585,2146,57,37.64,4.981,45.35,1,0,5/35,5/35
Michael James Di Venuto,12-12-1973,AUSTRALIA,Left-hand bat,"Right-arm medium, Leg-break googly","March 29,1997",South Africa v Australia,9,9,241,0,89,26.77,281,85.76,0,2,28,0,1,0,--,--,--,--,--,--,--,--,,
Michael Edward Killeen Hussey,27-05-1975,AUSTRALIA,Left-hand bat,Right-arm medium,"February 1,2004",Australia v India,185,157,5442,44,109*,48.15,6243,87.16,3,39,383,80,105,0,240,235,2,117.5,5.875,120.0,0,0,1/0,1/3
Michael Scott Kasprowicz,10-02-1972,AUSTRALIA,Right-hand bat,Right-arm fast-medium,"December 19,1995",Australia v West Indies,43,13,74,9,28*,18.50,89,83.14,0,0,6,1,13,0,2225,1674,67,24.98,4.514,33.20,2,0,5/28,5/45
Michael Jonathon Slater,21-02-1970,AUSTRALIA,Right-hand bat,Right-arm medium,"December 9,1993",Australia v South Africa,42,42,987,1,73,24.07,1634,60.40,0,9,95,2,9,0,12,11,0,--,5.500,--,0,0,0/0,0/0
Michael Llewellyn Lewis,29-06-1974,AUSTRALIA,Right-hand bat,Right-arm fast-medium,"December 7,2005",New Zealand v Australia,7,1,4,1,4*,--,4,100.0,0,0,0,0,1,0,341,391,7,55.85,6.879,48.71,0,0,3/56,3/56
Michael Francis Malone,09-10-1950,AUSTRALIA,Right-hand bat,Right-arm fast-medium,"June 2,1977",England v Australia,10,7,36,3,15*,9.000,63,57.14,0,0,5,0,1,0,612,315,11,28.63,3.088,55.63,0,0,2/9,2/9
Michael Robert John Veletta,30-10-1963,AUSTRALIA,Right-hand bat,NaN,"April 3,1987",Australia v Pakistan,20,19,484,4,68*,32.26,642,75.38,0,2,29,0,8,0,--,--,--,--,--,--,--,--,,
Michael Roy Whitney,24-02-1959,AUSTRALIA,Right-hand bat,Left-arm fast-medium,"March 17,1983",Australia v New Zealand,38,13,40,7,9*,6.666,90,44.44,0,0,2,0,11,0,2106,1249,46,27.15,3.558,45.78,0,0,4/34,4/34
Mitchell Guy Johnson,02-11-1981,AUSTRALIA,Left-hand bat,Left-arm fast,"December 10,2005",New Zealand v Australia,153,91,951,32,73*,16.11,987,96.35,0,2,81,23,35,0,7490,6037,239,25.25,4.836,31.33,3,0,6/31,6/31
Mitchell Ross Marsh,20-10-1991,AUSTRALIA,Right-hand bat,Right-arm medium,"October 19,2011",South Africa v Australia,53,49,1428,9,102*,35.70,1534,93.09,1,11,120,37,25,0,1700,1564,44,35.54,5.520,38.63,1,0,1/5,1/5
Mitchell Aaron Starc,30-01-1990,AUSTRALIA,Left-hand bat,Left-arm fast-medium,"October 20,2010",India v Australia,72,35,262,16,52*,13.78,294,89.11,0,1,20,7,19,0,3593,2954,141,20.95,4.932,25.48,5,0,5/20,5/20
Moises Constantino Henriques,01-02-1987,AUSTRALIA,Right-hand bat,Right-arm fast-medium,"October 31,2009",India v Australia,11,10,81,1,18*,9.000,119,68.06,0,0,7,0,4,0,354,306,7,43.71,5.186,50.57,0,0,3/11,3/11
Murray John Bennett,06-10-1956,AUSTRALIA,Right-hand bat,Slow left-arm,"October 6,1984",India v Australia,8,4,9,1,6*,3.000,21,42.85,0,0,0,0,1,0,408,275,4,68.75,4.044,102.0,0,0,2/27,2/27
Nathan Wade Bracken,12-09-1977,AUSTRALIA,Right-hand bat,Left-arm fast-medium,"January 11,2001",Australia v West Indies,116,35,198,18,21*,11.64,281,70.46,0,0,10,5,26,0,5759,4239,174,24.36,4.416,33.09,2,0,5/47,5/47
Nathan Mitchell Coulter-Nile,11-10-1987,AUSTRALIA,Right-hand bat,Right-arm fast,"September 14,2013",England v Australia,21,14,86,5,16*,9.555,126,68.25,0,0,4,1,7,0,1112,985,37,26.62,5.314,30.05,0,0,3/13,3/13
Nathan Michael Hauritz,18-10-1981,BRISBANE HEAT,Right-hand bat,Off-break,"March 22,2002",South Africa v Australia,58,32,337,17,53*,22.46,350,96.28,0,1,21,8,24,0,2724,2152,63,34.15,4.740,43.23,0,0,4/29,4/29
Nathan Michael Lyon,20-11-1987,AUSTRALIA,Right-hand bat,Off-break,"March 8,2012",Australia v Sri Lanka,13,6,46,4,30,23.00,46,100.0,0,0,5,1,2,0,720,592,17,34.82,4.933,42.35,0,0,1/16,1/17
Patrick James Cummins,08-05-1993,AUSTRALIA,Right-hand bat,Right-arm fast,"October 19,2011",South Africa v Australia,39,20,144,8,36,12.00,200,72.00,0,0,12,3,6,0,2028,1821,64,28.45,5.387,31.68,0,0,3/15,3/15
Paul Ronald Reiffel,19-04-1966,AUSTRALIA,Right-hand bat,Right-arm fast-medium,"January 14,1992",Australia v India,92,57,503,21,58,13.97,709,70.94,0,1,26,1,25,0,4732,3096,106,29.20,3.925,44.64,0,0,4/13,4/13
Andrew Paul Sheahan,30-09-1946,AUSTRALIA,Right-hand bat,NaN,"August 24,1972",England v Australia,3,3,75,0,50,25.00,124,60.48,0,1,6,1,--,--,--,--,--,--,--,--,--,--,,
Paul Wilson,12-01-1972,AUSTRALIA,Right-hand bat,Right-arm fast-medium,"December 17,1997",Australia v New Zealand,11,5,4,2,2,1.333,13,30.76,0,0,0,0,1,0,562,450,13,34.61,4.804,43.23,0,0,3/39,3/39
Peter James Forrest,15-11-1985,BRISBANE HEAT,Right-hand bat,Right-arm medium,"February 12,2012",Australia v India,15,14,368,0,104,26.28,561,65.59,1,3,34,4,4,0,--,--,--,--,--,--,--,--,,
Peter Matthew Siddle,25-11-1984,AUSTRALIA,Right-hand bat,Right-arm fast-medium,"February 13,2009",Australia v New Zealand,17,4,21,2,9*,10.50,18,116.6,0,0,1,0,1,0,751,581,15,38.73,4.641,50.06,0,0,3/23,3/47
Peter Laurence Taylor,22-08-1956,AUSTRALIA,Left-hand bat,Off-break,"January 18,1987",Australia v England,83,47,437,25,54*,19.86,583,74.95,0,1,23,0,34,0,3937,2740,97,28.24,4.175,40.58,0,0,4/38,4/38
Peter Michael Toohey,20-04-1954,AUSTRALIA,Right-hand bat,NaN,"February 22,1978",West Indies v Australia,5,4,105,2,54*,52.50,133,78.94,0,1,5,0,--,--,--,--,--,--,--,--,--,--,,
Phillip Henry Carlson,08-08-1951,AUSTRALIA,Right-hand bat,Right-arm medium,"January 13,1979",Australia v England,4,2,11,0,11,5.500,30,36.66,0,0,2,0,--,--,126,70,2,35.00,3.333,63.00,0,0,1/21,1/21
Philip Allen Emery,25-06-1964,AUSTRALIA,Left-hand bat,NaN,"October 30,1994",Pakistan v Australia,1,1,11,1,11*,--,13,84.61,0,0,1,0,3,0,--,--,--,--,--,--,--,--,,
Philip Anthony Jaques,03-05-1979,AUSTRALIA,Left-hand bat,Chinaman,"January 20,2006",Australia v South Africa,6,6,125,0,94,20.83,176,71.02,0,1,16,1,3,0,--,--,--,--,--,--,--,--,,
Phillip Joel Hughes,30-11-1988,AUSTRALIA,Left-hand bat,Off-break,"January 11,2013",Australia v Sri Lanka,25,24,826,1,138*,35.91,1100,75.09,2,4,91,5,5,0,--,--,--,--,--,--,--,--,,
Raymond James Bright,13-07-1954,AUSTRALIA,Right-hand bat,Slow left-arm,"March 30,1974",New Zealand v Australia,11,8,66,4,19*,16.50,122,54.09,0,0,3,1,2,0,448,350,3,116.6,4.687,149.3,0,0,1/28,1/28
Richard Daryl Robinson,08-06-1946,AUSTRALIA,Right-hand bat,NaN,"June 4,1977",England v Australia,2,2,82,0,70,41.00,143,57.34,0,1,7,1,3,1,--,--,--,--,--,--,--,--,,
Warrick Maxwell Darling,01-05-1957,AUSTRALIA,Right-hand bat,NaN,"February 22,1978",West Indies v Australia,18,18,363,1,74,21.35,679,53.46,0,1,26,0,6,0,--,--,--,--,--,--,--,--,,
Richard Bede McCosker,11-12-1946,AUSTRALIA,Right-hand bat,Leg-break,"June 7,1975",Australia v Pakistan,14,14,320,0,95*,22.85,623,51.36,0,2,14,0,3,0,--,--,--,--,--,--,--,--,,
Ricky Thomas Ponting,19-12-1974,AUSTRALIA,Right-hand bat,"Off-break, Right-arm medium","February 15,1995",Australia v South Africa,375,365,13704,39,164,42.03,17046,80.39,30,82,1232,162,160,0,150,104,3,34.66,4.160,50.00,0,0,1/0,1/0
Robert Byers Kerr,16-06-1961,AUSTRALIA,Right-hand bat,Leg-break googly,"February 12,1985",Australia v West Indies,4,4,97,1,87*,32.33,159,61.00,0,1,5,0,1,0,--,--,--,--,--,--,--,--,,
Rodney William Marsh,04-11-1947,AUSTRALIA,Left-hand bat,Off-break,"January 5,1971",Australia v England,92,76,1225,15,66,20.08,1486,82.43,0,4,86,17,120,4,--,--,--,--,--,--,--,--,,
Rodney John McCurdy,30-12-1959,AUSTRALIA,Right-hand bat,Right-arm fast-medium,"January 27,1985",Australia v West Indies,11,6,33,2,13*,8.250,71,46.47,0,0,1,0,1,0,515,375,12,31.25,4.368,42.91,0,0,3/19,3/19
Rodney Malcolm Hogg,05-03-1951,AUSTRALIA,Right-hand bat,Right-arm fast,"January 24,1979",Australia v England,71,35,137,20,22,9.133,204,67.15,0,0,8,0,8,0,3665,2418,85,28.44,3.958,43.11,0,0,4/26,4/29
Roger Douglas Woolley,16-09-1954,AUSTRALIA,Right-hand bat,NaN,"April 13,1983",Sri Lanka v Australia,4,3,31,2,16,31.00,38,81.57,0,0,2,0,1,1,--,--,--,--,--,--,--,--,,
Ross Edwards,01-12-1942,AUSTRALIA,Right-hand bat,NaN,"August 24,1972",England v Australia,9,8,255,1,80*,36.42,349,73.06,0,3,22,0,--,--,--,--,--,--,--,--,--,--,,
Ryan John Campbell,07-02-1972,HONG KONG,Right-hand bat,Off-break,"January 17,2002",Australia v New Zealand,2,2,54,0,38,27.00,70,77.14,0,0,6,0,4,1,--,--,--,--,--,--,--,--,,
Ryan James Harris,11-10-1979,AUSTRALIA,Right-hand bat,Right-arm fast-medium,"January 18,2009",Australia v South Africa,21,13,48,7,21,8.000,48,100.0,0,0,3,1,6,0,1031,832,44,18.90,4.841,23.43,3,0,5/19,5/19
Sean Anthony Abbott,29-02-1992,AUSTRALIA,Right-hand bat,Right-arm medium-fast,"October 7,2014",Pakistan v Australia,1,1,3,0,3,3.000,7,42.85,0,0,0,0,--,--,30,25,1,25.00,5.000,30.00,0,--,,
Shane Michael Harwood,01-03-1974,AUSTRALIA,Right-hand bat,Right-arm fast-medium,"April 13,2009",South Africa v Australia,1,1,0,0,0*,0.000,4,0.000,0,0,0,0,--,--,60,57,2,28.50,5.700,30.00,0,0,2/20,2/20
Shane Lee,08-08-1973,AUSTRALIA,Right-hand bat,Right-arm medium,"December 17,1995",Australia v West Indies,45,35,477,8,47,17.66,500,95.40,0,0,31,7,23,0,1706,1245,48,25.93,4.378,35.54,1,0,5/33,5/33
Shane Keith Warne,13-09-1969,AUSTRALIA,Right-hand bat,Leg-break googly,"March 24,1993",New Zealand v Australia,194,107,1018,29,55,13.05,1413,72.04,0,1,60,13,80,0,10642,7541,293,25.73,4.251,36.32,1,0,5/33,5/33
Shane Robert Watson,17-06-1981,AUSTRALIA,Right-hand bat,Right-arm medium-fast,"March 24,2002",South Africa v Australia,190,169,5758,27,185*,40.54,6365,90.46,9,33,570,131,64,0,6466,5342,168,31.79,4.957,38.48,0,0,4/15,4/15
Shaun Francis Graf,19-05-1957,AUSTRALIA,Right-hand bat,Right-arm fast-medium,"November 23,1980",Australia v New Zealand,11,6,24,0,8,4.000,50,48.00,0,0,1,0,1,0,522,345,8,43.12,3.965,65.25,0,0,2/23,2/23
Shaun Edward Marsh,09-07-1983,AUSTRALIA,Left-hand bat,Slow left-arm,"June 24,2008",West Indies v Australia,53,52,1896,2,151,37.92,2442,77.64,3,12,186,18,13,0,--,--,--,--,--,--,--,--,,
Shaun William Tait,22-02-1983,AUSTRALIA,Right-hand bat,Right-arm fast,"February 2,2007",Australia v England,35,7,25,5,11,12.50,29,86.20,0,0,3,1,8,0,1688,1461,62,23.56,5.193,27.22,0,0,4/39,4/39
Simon Peter Davis,08-11-1959,AUSTRALIA,Right-hand bat,Right-arm fast-medium,"January 9,1986",Australia v New Zealand,39,11,20,7,6,5.000,34,58.82,0,0,0,0,5,0,2016,1133,44,25.75,3.372,45.81,0,0,3/10,3/10
Simon Mathew Katich,21-08-1975,AUSTRALIA,Left-hand bat,Chinaman,"January 21,2001",Australia v Zimbabwe,45,42,1324,5,107*,35.78,1926,68.74,1,9,138,4,13,0,--,--,--,--,--,--,--,--,,
Simon Patrick O'Donnell,26-01-1963,AUSTRALIA,Right-hand bat,Right-arm fast-medium,"January 6,1985",Australia v West Indies,87,64,1242,15,74*,25.34,1534,80.96,0,9,71,27,22,0,4350,3102,108,28.72,4.278,40.27,1,0,5/13,5/13
Stephen John Rixon,25-02-1954,AUSTRALIA,Right-hand bat,NaN,"February 22,1978",West Indies v Australia,6,6,40,3,20*,13.33,98,40.81,0,0,1,0,9,2,--,--,--,--,--,--,--,--,,
Steven Barry Smith,18-10-1961,AUSTRALIA,Right-hand bat,NaN,"February 6,1983",Australia v New Zealand,28,24,861,2,117,39.13,1319,65.27,2,8,66,--,8,0,7,5,0,--,4.285,--,0,0,0/1,0/1
Stephen Rodger Waugh,02-06-1965,AUSTRALIA,Right-hand bat,Right-arm medium,"January 9,1986",Australia v New Zealand,325,288,7569,58,120*,32.90,9971,75.91,3,45,529,68,111,0,8883,6761,195,34.67,4.566,45.55,0,0,4/26,4/30
Steven Peter Devereux Smith,02-06-1989,AUSTRALIA,Right-hand bat,Leg-break,"February 19,2010",Australia v West Indies,108,94,3431,12,164,41.84,3973,86.35,8,19,289,31,62,0,1046,931,27,34.48,5.340,38.74,0,0,3/16,3/16
Stuart Rupert Clark,28-09-1975,AUSTRALIA,Right-hand bat,Right-arm fast-medium,"October 7,2005",Australia v ICC World XI,39,12,69,7,16*,13.80,88,78.40,0,0,6,1,10,0,1829,1477,53,27.86,4.845,34.50,0,0,4/20,4/20
Stuart Grant Law,18-10-1968,AUSTRALIA,Right-hand bat,"Right-arm medium, Leg-break googly","December 2,1994",Australia v Zimbabwe,54,51,1237,5,110,26.89,1643,75.28,1,7,72,8,12,0,807,635,12,52.91,4.721,67.25,0,0,2/22,2/22
Stuart Charles Glyndwr MacGill,25-02-1971,AUSTRALIA,Right-hand bat,Leg-break googly,"January 19,2000",Australia v Pakistan,3,2,1,1,1,1.000,3,33.33,0,0,0,0,2,0,180,105,6,17.50,3.500,30.00,0,0,4/19,4/19
Terence Michael Alderman,12-06-1956,AUSTRALIA,Right-hand bat,Right-arm fast-medium,"June 6,1981",England v Australia,65,18,32,6,9*,2.666,97,32.98,0,0,2,0,29,0,3371,2056,88,23.36,3.659,38.30,2,0,5/17,5/17
Terrence James Jenner,08-09-1944,AUSTRALIA,Right-hand bat,Leg-break googly,"January 1,1975",Australia v England,1,1,12,0,12,12.00,25,48.00,0,0,1,0,--,--,48,28,0,--,3.500,--,0,0,0/15,0/15
Timothy Brian Alexander May,26-01-1962,AUSTRALIA,Right-hand bat,Off-break,"October 13,1987",Australia v Zimbabwe,47,12,39,8,15,9.750,52,75.00,0,0,1,0,3,0,2504,1772,39,45.43,4.246,64.20,0,0,3/19,3/19
Timothy David Paine,08-12-1984,WORLD XI,Right-hand bat,Right-arm medium,"August 28,2009",Scotland v Australia,30,30,854,3,111,31.62,1211,70.52,1,5,94,6,41,4,--,--,--,--,--,--,--,--,,
Timothy Joseph Zoehrer,25-09-1961,AUSTRALIA,Right-hand bat,Leg-break googly,"February 5,1986",Australia v India,22,15,130,3,50,10.83,183,71.03,0,1,9,0,21,2,--,--,--,--,--,--,--,--,,
Tom George Hogan,23-09-1956,AUSTRALIA,Right-hand bat,Slow left-arm,"January 31,1983",Australia v New Zealand,16,12,72,4,27,9.000,84,85.71,0,0,7,2,10,0,917,574,23,24.95,3.755,39.86,0,0,4/33,4/33
Thomas Masson Moody,02-10-1965,AUSTRALIA,Right-hand bat,Right-arm medium,"October 9,1987",India v Australia,76,64,1211,12,89,23.28,1747,69.31,0,10,74,18,21,0,2797,2014,52,38.73,4.320,53.78,0,0,3/25,3/25
Anthony Ian Christopher Dodemaide,05-10-1963,AUSTRALIA,Right-hand bat,Right-arm fast-medium,"January 2,1988",Australia v Sri Lanka,24,16,124,7,30,13.77,159,77.98,0,0,4,0,7,0,1327,753,36,20.91,3.404,36.86,1,0,5/21,5/21
Trevor Martin Chappell,21-10-1952,AUSTRALIA,Right-hand bat,Right-arm medium,"November 23,1980",Australia v New Zealand,20,13,229,0,110,17.61,359,63.78,1,0,18,0,8,0,736,538,19,28.31,4.385,38.73,0,0,3/31,3/31
Trevor John Laughlin,30-01-1951,AUSTRALIA,Left-hand bat,Right-arm medium,"February 22,1978",West Indies v Australia,6,5,105,1,74,26.25,160,65.62,0,1,6,1,--,--,272,224,8,28.00,4.941,34.00,0,0,3/54,3/54
Usman Tariq Khawaja,18-12-1986,AUSTRALIA,Left-hand bat,Right-arm medium,"January 11,2013",Australia v Sri Lanka,18,17,469,2,98,31.26,570,82.28,0,4,43,8,3,0,--,--,--,--,--,--,--,--,,
Walter John Edwards,23-12-1949,AUSTRALIA,Left-hand bat,Leg-break,"January 1,1975",Australia v England,1,1,2,0,2,2.000,14,14.28,0,0,0,0,--,--,1,0,0,--,0.000,--,0,0,0/0,0/0
Wayne Maxwell Clark,19-09-1953,AUSTRALIA,Right-hand bat,Right-arm fast-medium,"February 22,1978",West Indies v Australia,2,0,0,0,0,--,0,--,0,0,0,0,--,--,100,61,3,20.33,3.660,33.33,0,0,2/39,2/39
Wayne Bentley Phillips,01-03-1958,AUSTRALIA,Left-hand bat,NaN,"October 22,1982",Pakistan v Australia,48,41,852,6,75*,24.34,994,85.71,0,6,75,4,42,7,--,--,--,--,--,--,--,--,,
Xavier John Doherty,22-11-1982,HOBART HURRICANES,Left-hand bat,Slow left-arm,"November 3,2010",Australia v Sri Lanka,60,23,101,16,15*,14.42,184,54.89,0,0,5,1,19,0,2792,2224,55,40.43,4.779,50.76,0,0,4/27,4/27
